ActualShippingDays,ExpectedShippingDays,Carrier,YShippingDistance,XShippingDistance,InBulkOrder,ShippingOrigin,ShippingPriority
10.506677627563477,11,GlobalFreight,100,-44,Bulk Order,Atlanta,Express
16.29090690612793,15,MicroCarrier,18,-154,Single Order,Seattle,Standard
12.78438663482666,12,GlobalFreight,-14,-389,Bulk Order,Chicago,Ground
18.007326126098633,16,Shipper,301,-13,Single Order,San Francisco,Ground
17.264474868774414,16,Shipper,118,89,Single Order,San Francisco,Ground
16.756515502929688,13,Shipper,-290,-21,Bulk Order,Chicago,Standard
17.369144439697266,15,Shipper,-190,7,Single Order,Las Vegas,Standard
15.133874893188477,15,Shipper,-17,104,Single Order,Seattle,Air
13.880026817321777,13,BigBird,-94,160,Single Order,Las Vegas,Air
8.640486717224121,9,Shipper,115,-34,Bulk Order,Salt Lake City,Express
17.750089645385742,15,GlobalFreight,277,20,Bulk Order,Seattle,Ground
19.733686447143555,16,BigBird,185,-36,Single Order,New York City,Ground
18.966941833496094,16,Shipper,209,-9,Bulk Order,Seattle,Ground
17.72165870666504,14,Shipper,-38,153,Single Order,Atlanta,Standard
9.496859550476074,10,MicroCarrier,-117,-30,Bulk Order,New York City,Express
16.1273250579834,14,Shipper,-47,196,Single Order,Seattle,Standard
12.085775375366211,12,Shipper,91,-54,Bulk Order,Las Vegas,Express
14.947139739990234,15,Shipper,-98,44,Single Order,San Francisco,Express
15.474665641784668,16,GlobalFreight,140,-21,Single Order,San Francisco,Air
15.103623390197754,15,BigBird,126,21,Single Order,Atlanta,Air
11.890420913696289,12,MicroCarrier,-176,13,Single Order,Atlanta,Express
19.305517196655273,18,BigBird,64,-174,Single Order,Seattle,Ground
15.45883846282959,14,Shipper,188,-36,Single Order,San Francisco,Air
12.808304786682129,12,GlobalFreight,-8,167,Bulk Order,Chicago,Air
14.93410587310791,13,BigBird,-435,18,Single Order,Seattle,Air
11.011886596679688,11,GlobalFreight,10,-159,Bulk Order,Atlanta,Air
8.974120140075684,9,Shipper,11,-197,Bulk Order,Salt Lake City,Express
18.234676361083984,15,BigBird,150,99,Single Order,New York City,Ground
11.982803344726562,12,BigBird,123,-52,Single Order,Seattle,Express
14.27008056640625,14,GlobalFreight,259,-12,Single Order,Chicago,Standard
16.853609085083008,18,BigBird,-8,-172,Single Order,San Francisco,Express
17.024015426635742,16,BigBird,45,267,Single Order,Houston,Ground
14.899218559265137,15,BigBird,87,-11,Single Order,Houston,Air
9.542372703552246,10,GlobalFreight,-120,-36,Bulk Order,New York City,Express
14.276159286499023,12,Shipper,-228,12,Bulk Order,Houston,Standard
10.273160934448242,11,BigBird,175,-11,Bulk Order,Salt Lake City,Express
4.96471643447876,5,GlobalFreight,59,-47,Bulk Order,Salt Lake City,Express
15.378669738769531,15,MicroCarrier,176,9,Single Order,Chicago,Standard
14.895410537719727,13,GlobalFreight,-27,-336,Bulk Order,New York City,Standard
10.5911226272583,11,Shipper,47,35,Bulk Order,New York City,Express
14.995500564575195,13,MicroCarrier,-73,-244,Bulk Order,Atlanta,Standard
10.363821029663086,11,GlobalFreight,-127,24,Bulk Order,Las Vegas,Air
16.024898529052734,16,BigBird,-111,28,Single Order,Seattle,Air
6.296616554260254,6,MicroCarrier,-99,-49,Bulk Order,Salt Lake City,Air
17.260183334350586,15,Shipper,-42,120,Bulk Order,San Francisco,Ground
16.282991409301758,15,GlobalFreight,-20,267,Single Order,Atlanta,Standard
18.386608123779297,16,Shipper,247,-13,Single Order,San Francisco,Ground
17.522537231445312,15,MicroCarrier,152,132,Bulk Order,Seattle,Ground
24.796154022216797,18,BigBird,150,-63,Single Order,New York City,Ground
14.61858081817627,13,Shipper,16,173,Bulk Order,Las Vegas,Ground
16.87641716003418,15,Shipper,-217,34,Bulk Order,Seattle,Ground
16.4145450592041,12,Shipper,151,104,Bulk Order,San Francisco,Standard
17.065183639526367,14,Shipper,22,-242,Bulk Order,Atlanta,Ground
14.647943496704102,13,Shipper,8,210,Bulk Order,Houston,Standard
10.6434326171875,11,MicroCarrier,-53,104,Bulk Order,New York City,Air
12.214720726013184,12,BigBird,109,-18,Bulk Order,New York City,Air
8.728692054748535,9,Shipper,90,30,Bulk Order,Salt Lake City,Air
16.643741607666016,15,MicroCarrier,270,-27,Single Order,Las Vegas,Standard
13.759718894958496,14,MicroCarrier,129,13,Single Order,San Francisco,Express
10.570297241210938,11,MicroCarrier,-11,115,Bulk Order,Atlanta,Express
13.572781562805176,13,GlobalFreight,-148,102,Single Order,Salt Lake City,Express
16.917699813842773,15,BigBird,-9,295,Single Order,Atlanta,Ground
17.132373809814453,16,GlobalFreight,98,146,Single Order,Chicago,Ground
10.692601203918457,11,MicroCarrier,-22,-124,Bulk Order,Atlanta,Express
14.343031883239746,14,BigBird,-86,56,Single Order,Las Vegas,Air
13.156718254089355,13,MicroCarrier,11,-175,Single Order,Houston,Express
8.585429191589355,9,Shipper,-29,130,Bulk Order,Salt Lake City,Express
15.449195861816406,15,MicroCarrier,-226,-44,Single Order,Las Vegas,Air
16.646263122558594,17,BigBird,-200,-8,Single Order,Houston,Standard
17.088233947753906,15,Shipper,-14,-202,Single Order,Atlanta,Ground
14.988486289978027,14,GlobalFreight,-116,-14,Bulk Order,Seattle,Ground
16.66574478149414,15,MicroCarrier,-142,87,Single Order,Chicago,Ground
15.672446250915527,14,Shipper,-175,-39,Single Order,Chicago,Standard
17.223873138427734,16,MicroCarrier,-195,-7,Single Order,Seattle,Ground
11.9984712600708,12,GlobalFreight,-105,64,Bulk Order,Houston,Standard
15.879156112670898,14,Shipper,-178,-14,Single Order,Seattle,Standard
16.26097869873047,15,BigBird,132,20,Single Order,Las Vegas,Standard
17.71462631225586,16,BigBird,-30,-251,Single Order,Houston,Standard
16.878076553344727,15,GlobalFreight,100,100,Single Order,Houston,Standard
11.813741683959961,12,Shipper,18,97,Single Order,Las Vegas,Express
13.736820220947266,13,GlobalFreight,-44,-129,Bulk Order,Las Vegas,Air
15.042491912841797,13,BigBird,143,46,Single Order,San Francisco,Air
16.021390914916992,14,BigBird,239,18,Single Order,San Francisco,Air
13.570647239685059,14,Shipper,-77,-10,Single Order,Las Vegas,Express
18.821712493896484,13,GlobalFreight,90,81,Bulk Order,Seattle,Ground
16.45569610595703,17,BigBird,-50,85,Single Order,Atlanta,Express
14.29847240447998,13,MicroCarrier,-30,141,Bulk Order,San Francisco,Ground
15.180767059326172,14,MicroCarrier,162,-22,Single Order,Atlanta,Standard
16.416990280151367,14,GlobalFreight,-191,16,Bulk Order,Houston,Ground
11.9984712600708,12,GlobalFreight,-98,50,Bulk Order,Houston,Standard
11.760538101196289,12,BigBird,-17,-108,Single Order,Salt Lake City,Air
15.999710083007812,14,BigBird,176,20,Single Order,Atlanta,Air
15.21809196472168,13,MicroCarrier,292,7,Bulk Order,Seattle,Ground
16.023052215576172,16,BigBird,-85,-85,Single Order,Las Vegas,Air
15.533556938171387,13,Shipper,-184,22,Bulk Order,Houston,Standard
19.651853561401367,16,BigBird,-43,319,Single Order,Seattle,Ground
13.975983619689941,13,BigBird,21,-149,Single Order,New York City,Standard
13.509309768676758,13,MicroCarrier,42,79,Single Order,Seattle,Air
15.72663688659668,14,Shipper,41,144,Bulk Order,Chicago,Ground
9.738064765930176,10,BigBird,75,-69,Bulk Order,Atlanta,Express
16.706119537353516,16,MicroCarrier,-45,78,Single Order,San Francisco,Standard
12.777843475341797,13,MicroCarrier,-58,-20,Single Order,Atlanta,Express
17.610280990600586,14,Shipper,92,-170,Bulk Order,Las Vegas,Ground
13.12451171875,13,BigBird,51,94,Single Order,New York City,Express
16.74704360961914,15,Shipper,172,24,Single Order,Chicago,Ground
13.127556800842285,13,MicroCarrier,-63,-67,Single Order,Houston,Air
13.55716609954834,13,BigBird,-111,-10,Single Order,Atlanta,Air
14.161162376403809,14,BigBird,-52,179,Single Order,Atlanta,Express
12.254242897033691,12,BigBird,-221,-13,Single Order,New York City,Express
17.915090560913086,12,GlobalFreight,-144,-54,Bulk Order,Seattle,Ground
12.409910202026367,12,Shipper,27,-187,Single Order,Chicago,Express
8.728692054748535,9,Shipper,110,-10,Bulk Order,Salt Lake City,Express
9.522677421569824,10,MicroCarrier,178,-48,Bulk Order,Salt Lake City,Air
13.435015678405762,12,MicroCarrier,-33,-193,Bulk Order,San Francisco,Standard
18.331708908081055,17,MicroCarrier,108,-171,Single Order,San Francisco,Ground
9.61270809173584,10,Shipper,64,50,Bulk Order,New York City,Express
14.554210662841797,13,MicroCarrier,50,-102,Bulk Order,Houston,Ground
12.987348556518555,13,MicroCarrier,-138,-43,Single Order,Las Vegas,Express
11.63663101196289,12,MicroCarrier,62,-74,Single Order,Atlanta,Express
16.57551383972168,15,GlobalFreight,13,359,Bulk Order,Seattle,Ground
19.053508758544922,14,BigBird,38,-188,Bulk Order,Atlanta,Ground
16.818056106567383,15,BigBird,-197,14,Single Order,Las Vegas,Standard
16.525949478149414,16,BigBird,-17,204,Single Order,Atlanta,Standard
16.910179138183594,15,GlobalFreight,-12,213,Bulk Order,Houston,Ground
16.244102478027344,14,MicroCarrier,-250,-8,Bulk Order,New York City,Standard
15.913860321044922,13,Shipper,135,92,Bulk Order,Las Vegas,Standard
14.762811660766602,13,GlobalFreight,39,-245,Bulk Order,Salt Lake City,Standard
16.07965660095215,13,Shipper,32,-273,Bulk Order,Chicago,Standard
17.735143661499023,13,BigBird,316,13,Single Order,Las Vegas,Air
14.980720520019531,15,Shipper,44,-148,Single Order,San Francisco,Express
14.294280052185059,13,GlobalFreight,10,233,Single Order,New York City,Air
18.00823402404785,14,Shipper,80,-101,Bulk Order,New York City,Ground
10.790428161621094,11,GlobalFreight,-149,-37,Bulk Order,Houston,Ground
15.67934799194336,15,GlobalFreight,164,-23,Single Order,Chicago,Standard
14.057604789733887,13,GlobalFreight,10,90,Bulk Order,Chicago,Standard
15.583484649658203,14,Shipper,-144,-45,Bulk Order,Houston,Ground
16.093250274658203,14,MicroCarrier,74,152,Bulk Order,Atlanta,Ground
15.840313911437988,13,MicroCarrier,-247,-49,Bulk Order,San Francisco,Standard
15.181880950927734,15,MicroCarrier,8,216,Single Order,Seattle,Air
9.954158782958984,10,MicroCarrier,7,-194,Bulk Order,New York City,Express
11.935442924499512,12,MicroCarrier,29,-89,Bulk Order,Chicago,Air
12.25826644897461,12,BigBird,70,129,Single Order,New York City,Air
16.117387771606445,16,Shipper,-89,48,Single Order,Houston,Express
11.218564987182617,9,Shipper,-203,70,Bulk Order,Salt Lake City,Express
14.527154922485352,13,Shipper,9,194,Bulk Order,Las Vegas,Ground
14.701128005981445,14,BigBird,136,62,Single Order,Seattle,Air
8.725916862487793,9,MicroCarrier,33,-82,Bulk Order,Salt Lake City,Express
10.61040210723877,11,Shipper,-15,124,Bulk Order,New York City,Express
10.716986656188965,11,BigBird,35,130,Bulk Order,Salt Lake City,Express
13.815186500549316,13,BigBird,-82,136,Single Order,Chicago,Air
18.205310821533203,15,MicroCarrier,45,-205,Single Order,Las Vegas,Ground
15.64027214050293,16,BigBird,37,-82,Single Order,Houston,Air
14.22889232635498,14,GlobalFreight,-165,-54,Single Order,Houston,Air
11.781631469726562,12,MicroCarrier,8,142,Single Order,Atlanta,Express
16.63005828857422,16,BigBird,-155,-99,Single Order,Houston,Standard
14.310754776000977,13,BigBird,36,-100,Bulk Order,New York City,Standard
13.954895973205566,13,MicroCarrier,-69,81,Bulk Order,Las Vegas,Ground
6.917074203491211,7,MicroCarrier,155,9,Bulk Order,Salt Lake City,Express
9.784602165222168,10,MicroCarrier,-177,8,Bulk Order,New York City,Express
15.314155578613281,14,GlobalFreight,74,55,Single Order,Seattle,Standard
17.88834571838379,14,MicroCarrier,38,243,Bulk Order,Las Vegas,Standard
10.018882751464844,10,GlobalFreight,7,-168,Bulk Order,New York City,Air
16.557348251342773,16,MicroCarrier,36,98,Single Order,Seattle,Standard
14.508150100708008,13,GlobalFreight,-81,76,Bulk Order,Chicago,Ground
14.878772735595703,15,Shipper,123,-20,Single Order,San Francisco,Express
10.626401901245117,11,GlobalFreight,81,46,Bulk Order,Las Vegas,Ground
19.517404556274414,14,GlobalFreight,29,231,Bulk Order,Chicago,Ground
14.006942749023438,13,BigBird,16,231,Single Order,Seattle,Air
9.605731010437012,10,Shipper,93,45,Bulk Order,Salt Lake City,Air
4.123351097106934,4,GlobalFreight,115,-45,Bulk Order,Salt Lake City,Express
15.09697151184082,15,Shipper,-20,-156,Single Order,Seattle,Express
14.632719039916992,13,GlobalFreight,-33,-211,Bulk Order,Atlanta,Ground
14.26359748840332,13,GlobalFreight,190,-72,Bulk Order,San Francisco,Ground
17.171201705932617,15,GlobalFreight,-90,-128,Single Order,Las Vegas,Standard
16.80654525756836,17,BigBird,165,45,Single Order,Seattle,Air
17.644044876098633,15,GlobalFreight,-96,-88,Bulk Order,Seattle,Ground
16.12055206298828,16,BigBird,-38,-79,Single Order,Atlanta,Express
16.999134063720703,15,Shipper,29,339,Single Order,Houston,Ground
8.009234428405762,8,GlobalFreight,173,-8,Bulk Order,Salt Lake City,Air
17.121166229248047,15,BigBird,261,22,Single Order,Houston,Standard
11.829989433288574,12,GlobalFreight,-105,-26,Bulk Order,Las Vegas,Standard
16.553667068481445,15,MicroCarrier,-37,365,Single Order,Seattle,Ground
16.84868049621582,15,GlobalFreight,22,116,Bulk Order,San Francisco,Ground
16.29598617553711,14,GlobalFreight,124,26,Bulk Order,Houston,Ground
10.455436706542969,11,MicroCarrier,183,-18,Bulk Order,Las Vegas,Express
15.033074378967285,14,GlobalFreight,-183,30,Bulk Order,Houston,Standard
14.83049201965332,15,Shipper,-102,51,Single Order,Houston,Express
16.41515350341797,15,MicroCarrier,-305,-18,Bulk Order,Chicago,Ground
13.5248384475708,13,GlobalFreight,212,35,Bulk Order,Chicago,Standard
14.200849533081055,13,MicroCarrier,-153,-61,Bulk Order,Chicago,Standard
12.220629692077637,12,BigBird,-54,190,Single Order,New York City,Express
14.863484382629395,14,BigBird,176,22,Single Order,San Francisco,Express
8.001773834228516,8,MicroCarrier,-18,-104,Bulk Order,Salt Lake City,Express
17.176654815673828,15,GlobalFreight,-231,11,Bulk Order,Atlanta,Ground
16.30532455444336,13,MicroCarrier,237,-21,Bulk Order,Houston,Standard
16.513370513916016,15,MicroCarrier,-14,269,Bulk Order,Atlanta,Ground
17.36284828186035,16,BigBird,57,253,Single Order,Las Vegas,Ground
17.504135131835938,15,Shipper,95,-155,Single Order,Las Vegas,Standard
6.30070161819458,7,GlobalFreight,49,114,Bulk Order,Salt Lake City,Express
16.973541259765625,17,BigBird,45,139,Single Order,Atlanta,Standard
12.368824005126953,12,MicroCarrier,72,-138,Bulk Order,Houston,Standard
14.30484390258789,13,BigBird,-11,155,Bulk Order,New York City,Ground
10.755249977111816,11,GlobalFreight,42,-109,Bulk Order,Atlanta,Air
15.179849624633789,15,GlobalFreight,52,64,Single Order,San Francisco,Air
14.815847396850586,13,BigBird,-98,-92,Bulk Order,Chicago,Ground
12.105097770690918,12,GlobalFreight,-20,-112,Bulk Order,Chicago,Standard
16.90461540222168,15,Shipper,234,13,Bulk Order,San Francisco,Ground
13.658568382263184,14,BigBird,-90,-28,Single Order,Las Vegas,Express
14.118724822998047,13,BigBird,30,72,Single Order,New York City,Standard
18.210594177246094,16,MicroCarrier,-30,182,Single Order,Seattle,Ground
17.04534149169922,16,BigBird,-151,-8,Single Order,San Francisco,Ground
18.17632293701172,17,BigBird,-52,-168,Single Order,Atlanta,Ground
17.850685119628906,17,BigBird,163,110,Single Order,Salt Lake City,Ground
12.543130874633789,12,BigBird,-89,-184,Single Order,Houston,Express
16.419527053833008,14,GlobalFreight,25,300,Bulk Order,Seattle,Ground
16.394285202026367,14,GlobalFreight,144,69,Bulk Order,Las Vegas,Ground
15.60783863067627,14,Shipper,26,189,Single Order,Atlanta,Standard
9.649479866027832,10,Shipper,-43,-131,Bulk Order,Salt Lake City,Express
17.24599266052246,16,Shipper,-103,155,Single Order,Seattle,Ground
15.440698623657227,13,GlobalFreight,112,91,Bulk Order,Las Vegas,Ground
11.750106811523438,12,BigBird,-80,56,Single Order,New York City,Express
13.644050598144531,13,GlobalFreight,119,18,Bulk Order,Las Vegas,Air
13.446921348571777,13,MicroCarrier,146,-31,Bulk Order,Houston,Air
15.941022872924805,13,GlobalFreight,160,-30,Bulk Order,New York City,Air
18.49269676208496,15,BigBird,-8,175,Single Order,Chicago,Ground
15.556807518005371,14,Shipper,-63,105,Bulk Order,Las Vegas,Ground
11.866690635681152,12,GlobalFreight,-85,43,Bulk Order,Las Vegas,Air
14.647943496704102,13,Shipper,19,225,Bulk Order,Houston,Standard
6.4471588134765625,6,MicroCarrier,11,-152,Bulk Order,Salt Lake City,Express
16.104280471801758,15,MicroCarrier,-66,-198,Single Order,Atlanta,Standard
15.188525199890137,14,MicroCarrier,149,-26,Single Order,Houston,Standard
16.025880813598633,15,BigBird,92,140,Single Order,San Francisco,Air
14.592116355895996,13,Shipper,-176,63,Single Order,Chicago,Air
16.415891647338867,15,GlobalFreight,-10,-309,Bulk Order,Houston,Ground
14.234704971313477,13,MicroCarrier,188,-29,Bulk Order,Seattle,Standard
14.870640754699707,15,Shipper,20,-107,Single Order,San Francisco,Express
14.135061264038086,13,GlobalFreight,-153,-102,Single Order,New York City,Air
14.42057991027832,13,Shipper,9,-174,Single Order,Atlanta,Air
11.986177444458008,12,GlobalFreight,-87,-22,Bulk Order,Atlanta,Air
15.239431381225586,14,GlobalFreight,-167,-13,Bulk Order,New York City,Ground
15.34090805053711,14,BigBird,-44,-112,Single Order,Salt Lake City,Ground
19.733600616455078,17,Shipper,205,16,Single Order,San Francisco,Ground
11.673836708068848,12,BigBird,-97,29,Single Order,New York City,Express
9.759958267211914,10,Shipper,21,-86,Bulk Order,Salt Lake City,Standard
13.273356437683105,13,BigBird,-166,-21,Single Order,Atlanta,Express
8.120441436767578,8,Shipper,-159,-13,Bulk Order,Salt Lake City,Express
15.036026954650879,14,GlobalFreight,-186,-9,Bulk Order,Seattle,Standard
13.895942687988281,13,MicroCarrier,-52,63,Bulk Order,Chicago,Standard
11.94173812866211,12,GlobalFreight,110,-19,Bulk Order,Las Vegas,Air
14.958579063415527,13,GlobalFreight,-337,64,Bulk Order,Salt Lake City,Air
11.740887641906738,12,MicroCarrier,51,-79,Bulk Order,Houston,Express
17.824018478393555,13,GlobalFreight,15,244,Bulk Order,Chicago,Ground
17.730684280395508,17,BigBird,-29,188,Single Order,Las Vegas,Ground
12.696682929992676,12,BigBird,-29,255,Bulk Order,Salt Lake City,Ground
16.079927444458008,14,Shipper,246,-14,Bulk Order,Atlanta,Ground
17.025117874145508,15,Shipper,-91,123,Bulk Order,Chicago,Ground
16.677988052368164,14,Shipper,213,-43,Single Order,Las Vegas,Standard
11.864679336547852,12,MicroCarrier,-105,59,Bulk Order,Las Vegas,Air
12.14743709564209,12,Shipper,167,10,Bulk Order,Houston,Express
17.255695343017578,15,Shipper,208,27,Single Order,Seattle,Ground
14.971230506896973,15,MicroCarrier,-50,96,Single Order,Chicago,Air
17.169872283935547,14,Shipper,-55,151,Bulk Order,San Francisco,Standard
19.586380004882812,14,MicroCarrier,199,41,Single Order,New York City,Air
18.1798095703125,15,BigBird,10,-233,Single Order,Atlanta,Ground
14.296210289001465,14,MicroCarrier,-141,10,Single Order,Seattle,Air
6.852800369262695,7,MicroCarrier,69,-62,Bulk Order,Salt Lake City,Express
14.454073905944824,14,BigBird,15,-127,Single Order,Atlanta,Air
13.90047550201416,14,BigBird,-103,-40,Single Order,Salt Lake City,Air
15.056330680847168,15,BigBird,-111,27,Single Order,Chicago,Air
18.858095169067383,13,Shipper,79,-121,Bulk Order,Seattle,Standard
6.8517069816589355,7,GlobalFreight,52,-70,Bulk Order,Salt Lake City,Air
16.55768585205078,17,Shipper,163,18,Single Order,San Francisco,Air
12.214720726013184,12,BigBird,92,-8,Bulk Order,New York City,Air
17.076608657836914,16,Shipper,-190,50,Single Order,San Francisco,Ground
17.079526901245117,15,MicroCarrier,-183,-8,Bulk Order,Houston,Ground
15.019203186035156,14,Shipper,-46,-225,Single Order,Seattle,Air
15.05592155456543,14,BigBird,-245,-16,Single Order,Seattle,Air
13.136898040771484,13,GlobalFreight,75,-35,Bulk Order,Seattle,Air
15.915275573730469,14,BigBird,190,47,Bulk Order,Atlanta,Ground
13.818949699401855,14,BigBird,112,8,Single Order,Houston,Express
15.238607406616211,13,Shipper,256,-15,Bulk Order,Seattle,Standard
10.751978874206543,11,GlobalFreight,65,90,Bulk Order,Las Vegas,Air
10.684356689453125,11,Shipper,-39,-91,Bulk Order,Atlanta,Express
13.678374290466309,14,MicroCarrier,90,-52,Single Order,Las Vegas,Express
10.844367980957031,11,MicroCarrier,155,17,Bulk Order,New York City,Standard
9.451273918151855,10,Shipper,-124,-19,Bulk Order,Salt Lake City,Express
15.194948196411133,13,Shipper,55,-112,Bulk Order,Atlanta,Ground
12.950981140136719,13,BigBird,98,28,Single Order,Salt Lake City,Express
12.005680084228516,12,BigBird,125,-15,Bulk Order,Salt Lake City,Standard
14.468559265136719,13,GlobalFreight,-168,82,Bulk Order,San Francisco,Ground
14.778666496276855,14,BigBird,-186,43,Single Order,San Francisco,Air
12.777843475341797,13,MicroCarrier,-115,34,Single Order,Houston,Express
10.427947998046875,11,GlobalFreight,-113,-14,Bulk Order,Atlanta,Air
7.9479169845581055,8,Shipper,157,39,Bulk Order,Salt Lake City,Express
15.416422843933105,14,Shipper,10,-215,Single Order,Houston,Standard
9.670790672302246,10,Shipper,-8,-138,Bulk Order,Atlanta,Express
16.448284149169922,13,Shipper,-46,-156,Bulk Order,San Francisco,Air
13.805741310119629,14,MicroCarrier,-43,91,Single Order,Las Vegas,Express
16.546695709228516,15,MicroCarrier,-130,109,Single Order,Chicago,Ground
14.420392990112305,13,MicroCarrier,-34,-185,Bulk Order,Chicago,Standard
14.870640754699707,15,Shipper,10,-125,Single Order,San Francisco,Express
15.970088005065918,15,GlobalFreight,-51,71,Single Order,Seattle,Standard
15.103165626525879,15,BigBird,144,17,Single Order,Seattle,Air
11.835380554199219,12,BigBird,-75,125,Single Order,New York City,Express
16.69524383544922,15,BigBird,-248,-16,Bulk Order,Houston,Ground
14.884117126464844,14,MicroCarrier,144,-17,Single Order,Chicago,Standard
7.875319957733154,8,Shipper,-133,18,Bulk Order,Salt Lake City,Express
16.849720001220703,15,GlobalFreight,114,70,Single Order,Atlanta,Standard
14.442596435546875,14,GlobalFreight,-53,-110,Bulk Order,Chicago,Standard
17.774227142333984,14,BigBird,51,-199,Single Order,San Francisco,Air
13.862658500671387,13,MicroCarrier,61,-146,Bulk Order,Chicago,Standard
16.36132049560547,13,GlobalFreight,12,231,Bulk Order,Atlanta,Ground
15.696274757385254,15,BigBird,-205,71,Single Order,Chicago,Air
15.404149055480957,13,GlobalFreight,-33,265,Bulk Order,Chicago,Ground
7.706989765167236,8,MicroCarrier,175,32,Bulk Order,Salt Lake City,Express
17.495140075683594,17,BigBird,-281,28,Single Order,Atlanta,Ground
16.416990280151367,14,GlobalFreight,-190,26,Bulk Order,Houston,Ground
16.572216033935547,15,Shipper,-63,-171,Bulk Order,San Francisco,Ground
10.85628890991211,11,Shipper,110,53,Single Order,Salt Lake City,Express
12.73172664642334,12,Shipper,11,200,Bulk Order,Atlanta,Ground
14.625236511230469,13,MicroCarrier,116,-15,Bulk Order,San Francisco,Standard
19.24868392944336,16,Shipper,-12,-192,Single Order,Chicago,Ground
17.831758499145508,12,Shipper,-26,-390,Bulk Order,Seattle,Air
15.25816535949707,15,Shipper,-112,46,Single Order,San Francisco,Air
15.148223876953125,13,GlobalFreight,-28,204,Bulk Order,Houston,Standard
14.867805480957031,14,MicroCarrier,-97,97,Bulk Order,Las Vegas,Standard
13.766650199890137,14,MicroCarrier,-102,37,Single Order,Houston,Air
15.822266578674316,16,Shipper,30,116,Single Order,Seattle,Air
16.369325637817383,13,Shipper,-266,-16,Bulk Order,Chicago,Standard
9.61860179901123,10,Shipper,40,-93,Bulk Order,Salt Lake City,Air
11.900765419006348,11,Shipper,55,-142,Bulk Order,Chicago,Standard
14.391109466552734,14,BigBird,-436,-8,Single Order,Las Vegas,Express
17.85768699645996,17,Shipper,14,119,Single Order,Seattle,Standard
15.163838386535645,14,MicroCarrier,-9,-190,Bulk Order,Atlanta,Standard
17.57538604736328,18,BigBird,-35,-93,Single Order,Seattle,Express
20.0107421875,16,GlobalFreight,-12,-152,Single Order,Seattle,Ground
11.85014820098877,12,MicroCarrier,61,-140,Bulk Order,Seattle,Standard
14.055848121643066,14,GlobalFreight,-122,-10,Single Order,Las Vegas,Air
12.577320098876953,13,MicroCarrier,77,-34,Single Order,Las Vegas,Express
5.068193435668945,5,GlobalFreight,127,18,Bulk Order,Salt Lake City,Express
20.5761775970459,14,GlobalFreight,212,-35,Single Order,New York City,Standard
13.479220390319824,13,MicroCarrier,-48,192,Single Order,Houston,Air
16.670082092285156,15,GlobalFreight,-82,-112,Single Order,Las Vegas,Standard
20.02113914489746,15,BigBird,-77,-187,Bulk Order,Las Vegas,Ground
17.717300415039062,15,MicroCarrier,58,-212,Bulk Order,Seattle,Ground
16.663766860961914,15,MicroCarrier,-60,209,Single Order,Houston,Standard
15.368854522705078,14,BigBird,170,-34,Single Order,Seattle,Standard
15.948967933654785,14,MicroCarrier,262,23,Bulk Order,Seattle,Standard
15.771851539611816,16,MicroCarrier,50,65,Single Order,San Francisco,Air
17.14301300048828,15,GlobalFreight,240,9,Bulk Order,Chicago,Ground
13.177664756774902,13,BigBird,81,79,Single Order,Salt Lake City,Express
19.347227096557617,14,GlobalFreight,176,61,Single Order,New York City,Standard
13.521980285644531,14,Shipper,110,-47,Single Order,Las Vegas,Express
15.5820894241333,13,MicroCarrier,246,-18,Bulk Order,San Francisco,Standard
16.34502410888672,13,Shipper,-136,-79,Bulk Order,Atlanta,Standard
6.872644424438477,7,GlobalFreight,92,8,Bulk Order,Salt Lake City,Air
14.385103225708008,13,MicroCarrier,-74,287,Single Order,San Francisco,Express
15.826148986816406,14,MicroCarrier,-49,-201,Bulk Order,Atlanta,Ground
16.565319061279297,15,MicroCarrier,-210,-15,Single Order,Chicago,Ground
16.28231430053711,14,Shipper,15,-249,Bulk Order,Houston,Ground
13.579941749572754,13,GlobalFreight,-53,74,Single Order,Las Vegas,Air
14.381820678710938,12,Shipper,-19,-186,Bulk Order,Houston,Standard
17.031185150146484,15,GlobalFreight,7,-236,Bulk Order,Seattle,Ground
16.87326431274414,14,GlobalFreight,-136,-79,Bulk Order,Las Vegas,Ground
15.347460746765137,13,Shipper,-13,321,Single Order,Chicago,Standard
14.15009880065918,13,Shipper,-57,141,Bulk Order,Atlanta,Air
15.057515144348145,13,GlobalFreight,195,-20,Bulk Order,Houston,Ground
17.893230438232422,16,Shipper,-221,34,Single Order,Seattle,Standard
15.83791732788086,13,Shipper,-55,212,Bulk Order,San Francisco,Air
13.603391647338867,14,MicroCarrier,52,-41,Single Order,San Francisco,Express
16.069433212280273,16,Shipper,117,-8,Single Order,Chicago,Express
9.922898292541504,10,Shipper,-193,-12,Bulk Order,Salt Lake City,Express
14.343031883239746,14,BigBird,-103,59,Single Order,Las Vegas,Air
16.887733459472656,14,Shipper,75,-101,Bulk Order,Atlanta,Ground
17.73822021484375,17,BigBird,-257,21,Single Order,Atlanta,Ground
10.521928787231445,11,BigBird,76,-44,Bulk Order,Salt Lake City,Air
11.598821640014648,11,Shipper,41,-121,Bulk Order,New York City,Standard
13.218865394592285,13,GlobalFreight,147,-39,Bulk Order,Seattle,Air
15.207554817199707,14,MicroCarrier,-101,-126,Bulk Order,Las Vegas,Standard
15.221471786499023,14,GlobalFreight,161,-25,Bulk Order,Seattle,Standard
11.243668556213379,11,BigBird,8,-225,Single Order,Salt Lake City,Express
17.563135147094727,15,BigBird,295,-23,Single Order,Las Vegas,Ground
12.842737197875977,12,GlobalFreight,39,-217,Bulk Order,Chicago,Ground
15.976848602294922,15,BigBird,8,82,Single Order,Atlanta,Standard
10.779359817504883,11,Shipper,94,65,Bulk Order,Salt Lake City,Air
15.759449005126953,15,BigBird,-66,-88,Single Order,Salt Lake City,Standard
16.24070167541504,13,BigBird,37,-219,Single Order,Atlanta,Express
13.295110702514648,13,BigBird,56,53,Single Order,Seattle,Express
15.110048294067383,15,BigBird,-66,98,Single Order,Houston,Express
9.436530113220215,10,Shipper,-54,-64,Bulk Order,Salt Lake City,Air
7.759253025054932,8,GlobalFreight,197,-36,Bulk Order,Salt Lake City,Standard
14.890410423278809,13,BigBird,-264,61,Single Order,Seattle,Air
13.636998176574707,12,GlobalFreight,257,-13,Bulk Order,Houston,Ground
17.662752151489258,15,Shipper,188,9,Single Order,Las Vegas,Standard
15.715798377990723,14,MicroCarrier,-44,199,Bulk Order,Seattle,Ground
15.669761657714844,14,MicroCarrier,-247,17,Bulk Order,Houston,Standard
6.953730583190918,7,MicroCarrier,-30,-113,Bulk Order,Salt Lake City,Express
16.648082733154297,15,MicroCarrier,-21,168,Bulk Order,Houston,Ground
15.990427017211914,15,GlobalFreight,29,-140,Single Order,Seattle,Standard
13.963617324829102,14,GlobalFreight,-40,-87,Single Order,Houston,Air
16.343730926513672,14,Shipper,164,-8,Bulk Order,New York City,Ground
7.198568820953369,8,GlobalFreight,14,133,Bulk Order,Salt Lake City,Air
14.116284370422363,13,GlobalFreight,8,159,Single Order,New York City,Air
15.74288272857666,14,Shipper,-53,132,Single Order,Atlanta,Standard
20.394838333129883,16,Shipper,274,23,Single Order,San Francisco,Standard
13.491395950317383,12,GlobalFreight,213,-80,Bulk Order,Seattle,Ground
6.366596698760986,6,GlobalFreight,126,-78,Bulk Order,Salt Lake City,Express
5.0546875,5,GlobalFreight,49,-64,Bulk Order,Salt Lake City,Express
17.020566940307617,15,BigBird,92,-110,Bulk Order,Salt Lake City,Ground
14.2454252243042,14,Shipper,-213,24,Single Order,Houston,Express
12.106253623962402,12,BigBird,-164,-39,Bulk Order,Salt Lake City,Standard
11.883942604064941,12,GlobalFreight,66,-49,Bulk Order,Las Vegas,Air
15.372653007507324,15,Shipper,8,187,Single Order,Las Vegas,Express
12.977411270141602,13,Shipper,-103,-48,Single Order,Atlanta,Express
15.311734199523926,14,MicroCarrier,-202,-43,Single Order,Las Vegas,Standard
21.730894088745117,16,Shipper,-79,-12,Single Order,San Francisco,Standard
14.18226432800293,14,BigBird,-111,34,Single Order,New York City,Standard
15.806057929992676,14,GlobalFreight,10,304,Bulk Order,Houston,Ground
12.630012512207031,13,MicroCarrier,96,-42,Single Order,Chicago,Express
7.867613315582275,8,MicroCarrier,-129,27,Bulk Order,Salt Lake City,Air
14.336944580078125,12,Shipper,-22,188,Bulk Order,Chicago,Air
10.615216255187988,11,Shipper,-70,69,Bulk Order,Las Vegas,Express
10.697415351867676,11,BigBird,48,90,Bulk Order,Salt Lake City,Standard
18.872602462768555,14,GlobalFreight,57,237,Single Order,Atlanta,Standard
17.212055206298828,15,BigBird,-209,-8,Single Order,Houston,Ground
13.811859130859375,12,MicroCarrier,88,219,Bulk Order,San Francisco,Standard
12.749530792236328,12,BigBird,-257,-46,Single Order,Houston,Express
11.399720191955566,11,Shipper,11,211,Bulk Order,Houston,Standard
7.998924732208252,8,GlobalFreight,35,-114,Bulk Order,Salt Lake City,Air
18.19680404663086,16,BigBird,100,-142,Bulk Order,San Francisco,Ground
16.00533103942871,14,MicroCarrier,53,132,Bulk Order,Seattle,Ground
15.113525390625,13,GlobalFreight,-286,-61,Bulk Order,Seattle,Ground
16.592363357543945,15,BigBird,106,243,Single Order,Chicago,Standard
14.791072845458984,14,BigBird,21,-98,Single Order,Las Vegas,Air
11.972169876098633,12,BigBird,-86,141,Single Order,New York City,Air
9.695396423339844,10,MicroCarrier,161,-14,Bulk Order,New York City,Express
14.828411102294922,13,BigBird,206,-50,Bulk Order,Atlanta,Ground
13.170785903930664,13,Shipper,-150,-30,Single Order,Atlanta,Express
13.665483474731445,13,BigBird,-11,-92,Single Order,New York City,Air
11.085939407348633,11,Shipper,27,231,Bulk Order,Las Vegas,Express
8.38256549835205,9,Shipper,-44,94,Bulk Order,Salt Lake City,Express
14.312423706054688,12,BigBird,40,-177,Bulk Order,Chicago,Air
13.119433403015137,12,GlobalFreight,33,246,Bulk Order,San Francisco,Ground
16.209308624267578,14,MicroCarrier,40,209,Bulk Order,Seattle,Ground
16.10965919494629,18,MicroCarrier,9,121,Single Order,San Francisco,Air
14.757174491882324,15,Shipper,-82,-10,Single Order,Houston,Express
14.371204376220703,13,BigBird,-306,33,Single Order,Houston,Air
14.306050300598145,13,BigBird,-10,233,Single Order,New York City,Air
16.0180606842041,16,Shipper,9,216,Single Order,San Francisco,Air
12.98736572265625,13,Shipper,-99,-11,Single Order,Seattle,Express
18.41813850402832,17,MicroCarrier,99,-142,Single Order,San Francisco,Ground
16.09792709350586,16,BigBird,13,148,Single Order,Seattle,Express
16.54014778137207,16,BigBird,41,137,Single Order,Atlanta,Standard
10.225116729736328,10,Shipper,48,172,Bulk Order,New York City,Express
17.430938720703125,15,MicroCarrier,14,458,Single Order,Houston,Standard
15.905752182006836,14,Shipper,144,-186,Single Order,Chicago,Standard
13.823739051818848,14,Shipper,-60,85,Single Order,Atlanta,Express
9.652324676513672,10,MicroCarrier,75,60,Bulk Order,New York City,Express
16.715747833251953,15,BigBird,-212,-8,Bulk Order,New York City,Ground
16.948434829711914,16,BigBird,37,193,Single Order,Chicago,Ground
10.444876670837402,11,MicroCarrier,-109,16,Bulk Order,Las Vegas,Express
18.245933532714844,16,Shipper,-50,180,Single Order,Seattle,Ground
9.74412727355957,10,GlobalFreight,13,157,Bulk Order,New York City,Air
11.939022064208984,12,GlobalFreight,125,-21,Bulk Order,Las Vegas,Standard
17.2017879486084,14,BigBird,116,32,Bulk Order,New York City,Ground
15.660445213317871,16,MicroCarrier,128,-55,Single Order,San Francisco,Air
14.90621280670166,13,GlobalFreight,-98,-82,Bulk Order,New York City,Ground
14.769400596618652,14,BigBird,-66,-41,Single Order,Las Vegas,Standard
7.92003870010376,8,GlobalFreight,115,52,Bulk Order,Salt Lake City,Air
18.074575424194336,17,GlobalFreight,154,-22,Single Order,San Francisco,Standard
14.349059104919434,14,GlobalFreight,-101,62,Bulk Order,Chicago,Standard
10.509268760681152,11,GlobalFreight,-12,-111,Bulk Order,Atlanta,Standard
16.9250431060791,15,BigBird,-187,11,Single Order,Atlanta,Ground
17.853355407714844,15,BigBird,-163,-64,Single Order,Houston,Ground
14.898987770080566,13,GlobalFreight,31,247,Bulk Order,Chicago,Ground
13.113985061645508,13,BigBird,-111,103,Single Order,Atlanta,Express
14.597281455993652,15,Shipper,-131,19,Single Order,Chicago,Express
6.7617597579956055,7,GlobalFreight,-119,-31,Bulk Order,Salt Lake City,Express
6.780574321746826,7,GlobalFreight,68,58,Bulk Order,Salt Lake City,Express
14.348923683166504,13,GlobalFreight,44,197,Bulk Order,Las Vegas,Standard
13.840813636779785,14,BigBird,74,64,Single Order,Seattle,Express
11.97229290008545,12,Shipper,-111,7,Bulk Order,Chicago,Express
21.77109146118164,16,MicroCarrier,-78,-211,Bulk Order,Seattle,Ground
16.004728317260742,16,MicroCarrier,-15,209,Single Order,Chicago,Air
15.890495300292969,14,GlobalFreight,-268,-10,Bulk Order,Chicago,Ground
12.233635902404785,12,Shipper,224,-27,Bulk Order,Las Vegas,Express
10.966382026672363,11,GlobalFreight,177,16,Bulk Order,New York City,Standard
13.154230117797852,13,Shipper,-34,84,Single Order,Houston,Express
16.31192398071289,14,Shipper,203,11,Single Order,San Francisco,Air
7.875319957733154,8,Shipper,-128,-15,Bulk Order,Salt Lake City,Express
11.408665657043457,11,GlobalFreight,13,-302,Bulk Order,San Francisco,Standard
16.211877822875977,15,BigBird,-35,82,Single Order,Chicago,Standard
9.742905616760254,10,Shipper,-18,-76,Bulk Order,New York City,Express
15.419261932373047,14,BigBird,26,213,Single Order,Chicago,Express
16.522619247436523,16,BigBird,-119,-174,Single Order,Seattle,Air
16.090499877929688,15,MicroCarrier,-12,-287,Single Order,Las Vegas,Standard
15.484481811523438,14,MicroCarrier,-242,-20,Bulk Order,Seattle,Standard
9.380273818969727,10,Shipper,185,-8,Bulk Order,New York City,Express
15.733284950256348,12,GlobalFreight,-76,-38,Bulk Order,Seattle,Standard
7.827999591827393,8,GlobalFreight,65,84,Bulk Order,Salt Lake City,Air
18.197973251342773,15,BigBird,12,-282,Single Order,Chicago,Standard
13.113985061645508,13,BigBird,-67,73,Single Order,Atlanta,Express
20.633825302124023,14,GlobalFreight,191,35,Single Order,New York City,Standard
16.318708419799805,15,Shipper,-49,-200,Single Order,Houston,Ground
16.582796096801758,14,GlobalFreight,-90,203,Bulk Order,Chicago,Ground
6.43710470199585,6,GlobalFreight,-203,8,Bulk Order,Salt Lake City,Express
16.248733520507812,14,Shipper,-224,-9,Single Order,Atlanta,Standard
12.08781909942627,12,GlobalFreight,46,-132,Bulk Order,Houston,Air
14.058676719665527,13,Shipper,-103,132,Single Order,New York City,Air
12.111928939819336,12,BigBird,-156,-81,Single Order,New York City,Express
10.599808692932129,11,Shipper,-140,17,Bulk Order,Houston,Express
16.277334213256836,14,Shipper,86,-138,Bulk Order,Houston,Ground
14.742016792297363,14,MicroCarrier,-25,-155,Single Order,Seattle,Air
17.512128829956055,16,Shipper,105,133,Single Order,Seattle,Ground
18.081140518188477,15,BigBird,209,16,Single Order,Atlanta,Ground
15.351598739624023,13,Shipper,-108,212,Bulk Order,Chicago,Standard
17.33997917175293,16,Shipper,-248,-9,Single Order,Las Vegas,Ground
12.572298049926758,12,BigBird,-33,242,Single Order,Las Vegas,Express
13.485875129699707,13,MicroCarrier,-19,-131,Bulk Order,Chicago,Air
16.855239868164062,15,Shipper,-99,93,Single Order,Seattle,Ground
13.605863571166992,13,GlobalFreight,121,-28,Bulk Order,Las Vegas,Air
17.81557846069336,16,MicroCarrier,-72,-106,Single Order,Houston,Standard
15.192830085754395,14,GlobalFreight,18,-118,Bulk Order,San Francisco,Ground
15.641969680786133,13,Shipper,43,165,Bulk Order,San Francisco,Air
16.24749183654785,15,GlobalFreight,37,-199,Single Order,Houston,Standard
14.322354316711426,14,MicroCarrier,169,7,Single Order,Chicago,Air
16.43050193786621,15,MicroCarrier,-307,-24,Single Order,Houston,Standard
13.721537590026855,13,Shipper,128,10,Single Order,Seattle,Air
11.973546028137207,12,MicroCarrier,26,92,Bulk Order,Houston,Air
13.656851768493652,14,MicroCarrier,105,-38,Single Order,Houston,Express
15.102523803710938,15,BigBird,-49,-97,Single Order,Seattle,Express
18.75358772277832,17,BigBird,151,-84,Single Order,Chicago,Standard
13.340009689331055,12,GlobalFreight,180,132,Bulk Order,San Francisco,Ground
12.454122543334961,12,Shipper,-15,-140,Bulk Order,New York City,Air
9.726202964782715,10,Shipper,40,123,Bulk Order,Salt Lake City,Air
8.7216215133667,9,GlobalFreight,113,11,Bulk Order,Salt Lake City,Standard
9.94795036315918,10,Shipper,29,159,Bulk Order,New York City,Express
18.289806365966797,17,BigBird,35,128,Single Order,Las Vegas,Ground
13.744049072265625,13,MicroCarrier,45,-114,Single Order,San Francisco,Air
11.812129020690918,12,Shipper,55,67,Single Order,New York City,Express
8.968974113464355,9,GlobalFreight,8,-178,Bulk Order,Salt Lake City,Air
16.930419921875,16,BigBird,-476,14,Bulk Order,Salt Lake City,Ground
8.19452953338623,8,MicroCarrier,-19,-184,Bulk Order,Salt Lake City,Express
15.795304298400879,13,Shipper,-188,15,Bulk Order,Houston,Standard
16.886802673339844,15,MicroCarrier,-48,-163,Bulk Order,Seattle,Ground
16.548521041870117,14,GlobalFreight,28,250,Bulk Order,Seattle,Ground
17.956262588500977,18,GlobalFreight,-9,-174,Single Order,San Francisco,Standard
17.177410125732422,16,BigBird,-251,9,Single Order,Seattle,Ground
11.944075584411621,12,GlobalFreight,-119,100,Bulk Order,Las Vegas,Standard
14.738326072692871,14,GlobalFreight,92,-46,Bulk Order,Chicago,Standard
16.86082649230957,16,GlobalFreight,-205,-15,Single Order,Houston,Ground
14.503113746643066,14,MicroCarrier,32,114,Single Order,Chicago,Air
10.71100902557373,11,BigBird,118,55,Bulk Order,Salt Lake City,Express
10.792490005493164,11,MicroCarrier,40,88,Bulk Order,Atlanta,Standard
9.496859550476074,10,MicroCarrier,-113,7,Bulk Order,New York City,Express
16.997766494750977,15,Shipper,-12,-330,Bulk Order,San Francisco,Ground
18.707120895385742,15,BigBird,48,-184,Single Order,Seattle,Standard
15.65445327758789,15,GlobalFreight,-73,-46,Single Order,Chicago,Standard
17.13674545288086,16,Shipper,-381,-36,Single Order,Seattle,Ground
16.900766372680664,15,Shipper,12,-234,Single Order,San Francisco,Ground
11.765246391296387,12,BigBird,61,68,Single Order,Salt Lake City,Express
14.82734489440918,15,Shipper,95,9,Single Order,Atlanta,Express
15.998035430908203,16,Shipper,51,79,Single Order,Chicago,Express
13.867388725280762,14,BigBird,165,-8,Single Order,Seattle,Express
13.944116592407227,14,Shipper,158,-13,Single Order,Houston,Express
16.587322235107422,14,GlobalFreight,-168,53,Single Order,New York City,Air
13.933834075927734,12,Shipper,-337,-16,Bulk Order,Chicago,Standard
14.976241111755371,13,Shipper,175,-97,Bulk Order,Seattle,Standard
15.704734802246094,14,BigBird,-170,-116,Bulk Order,Houston,Standard
11.788409233093262,12,MicroCarrier,-113,12,Bulk Order,Las Vegas,Air
13.800219535827637,14,Shipper,-12,169,Single Order,Atlanta,Express
12.989992141723633,13,Shipper,-14,139,Single Order,Las Vegas,Express
9.649847984313965,10,Shipper,18,113,Bulk Order,Atlanta,Express
12.837682723999023,13,MicroCarrier,-11,117,Single Order,Houston,Express
17.587087631225586,15,GlobalFreight,136,167,Single Order,Las Vegas,Standard
12.347570419311523,12,BigBird,33,218,Single Order,Seattle,Express
13.665483474731445,13,BigBird,-9,-119,Single Order,New York City,Air
19.64593505859375,16,Shipper,59,-208,Single Order,San Francisco,Standard
11.877524375915527,12,BigBird,43,54,Single Order,New York City,Air
16.765493392944336,15,BigBird,-158,-103,Single Order,New York City,Ground
10.405040740966797,11,MicroCarrier,50,-81,Bulk Order,Las Vegas,Express
15.9767427444458,14,MicroCarrier,-15,234,Bulk Order,Atlanta,Standard
16.48818016052246,15,MicroCarrier,178,34,Bulk Order,Seattle,Ground
14.742159843444824,13,Shipper,-161,9,Bulk Order,Seattle,Air
16.6234073638916,15,MicroCarrier,115,46,Single Order,Las Vegas,Standard
12.478631019592285,12,MicroCarrier,-174,-31,Bulk Order,Chicago,Standard
15.129101753234863,14,BigBird,204,-33,Single Order,Salt Lake City,Standard
11.860450744628906,12,BigBird,69,111,Single Order,New York City,Express
6.657308578491211,6,MicroCarrier,-156,8,Bulk Order,Salt Lake City,Express
14.532142639160156,13,MicroCarrier,-183,30,Bulk Order,Atlanta,Standard
16.375154495239258,16,BigBird,-54,71,Single Order,Atlanta,Standard
13.745508193969727,14,Shipper,125,-15,Single Order,San Francisco,Express
14.47687816619873,13,MicroCarrier,-185,-16,Bulk Order,New York City,Standard
10.657646179199219,11,BigBird,-36,-86,Bulk Order,New York City,Air
13.68361759185791,14,GlobalFreight,-7,-117,Single Order,Atlanta,Express
17.29501724243164,18,Shipper,-34,-68,Single Order,San Francisco,Express
10.640342712402344,11,MicroCarrier,62,56,Bulk Order,Atlanta,Air
15.63875961303711,14,GlobalFreight,107,-116,Single Order,Houston,Standard
16.128803253173828,14,GlobalFreight,-414,25,Bulk Order,Atlanta,Ground
16.037906646728516,14,MicroCarrier,185,40,Single Order,Las Vegas,Standard
15.569679260253906,14,GlobalFreight,152,123,Single Order,New York City,Standard
16.769834518432617,15,Shipper,190,-7,Single Order,Seattle,Ground
16.502973556518555,16,BigBird,-166,-29,Single Order,New York City,Ground
8.474457740783691,9,BigBird,-107,59,Bulk Order,Salt Lake City,Express
16.617292404174805,14,BigBird,74,73,Single Order,Seattle,Air
15.203161239624023,15,BigBird,42,-76,Single Order,Seattle,Express
4.166917324066162,4,GlobalFreight,-47,127,Bulk Order,Salt Lake City,Air
13.728483200073242,13,BigBird,-87,-55,Single Order,Atlanta,Air
14.86925220489502,15,MicroCarrier,-37,-74,Single Order,Seattle,Air
15.700483322143555,14,GlobalFreight,176,-8,Bulk Order,San Francisco,Ground
10.685826301574707,11,Shipper,-175,16,Bulk Order,Salt Lake City,Air
15.50209903717041,14,Shipper,9,-206,Single Order,Seattle,Standard
11.129968643188477,11,BigBird,-16,-191,Single Order,New York City,Express
16.32941246032715,15,Shipper,181,-31,Bulk Order,Houston,Ground
15.071778297424316,14,BigBird,-99,139,Single Order,Houston,Standard
16.827980041503906,14,BigBird,347,-9,Single Order,Atlanta,Air
12.936274528503418,13,GlobalFreight,-50,98,Single Order,Las Vegas,Express
17.372129440307617,13,BigBird,-32,154,Bulk Order,Houston,Standard
14.98641586303711,15,BigBird,82,44,Single Order,Atlanta,Express
13.960946083068848,14,BigBird,-54,79,Single Order,Atlanta,Express
14.033273696899414,14,MicroCarrier,11,-94,Single Order,Seattle,Air
7.8526611328125,8,MicroCarrier,24,88,Bulk Order,Salt Lake City,Express
15.885574340820312,14,BigBird,-197,-25,Single Order,Seattle,Standard
16.71798324584961,14,Shipper,177,-22,Single Order,Houston,Standard
8.955251693725586,9,MicroCarrier,-26,-148,Bulk Order,New York City,Express
13.782173156738281,12,Shipper,-251,76,Bulk Order,Seattle,Air
15.642714500427246,14,GlobalFreight,-104,118,Bulk Order,Houston,Ground
17.624601364135742,14,MicroCarrier,31,-168,Bulk Order,Chicago,Ground
14.065204620361328,13,BigBird,18,-64,Bulk Order,New York City,Standard
17.489013671875,15,Shipper,-52,75,Single Order,New York City,Standard
16.389202117919922,13,GlobalFreight,-341,27,Bulk Order,Seattle,Ground
4.247561931610107,4,GlobalFreight,30,138,Bulk Order,Salt Lake City,Air
14.666267395019531,14,MicroCarrier,64,-99,Single Order,Seattle,Air
14.158171653747559,13,GlobalFreight,27,163,Bulk Order,Las Vegas,Standard
15.186049461364746,14,GlobalFreight,-127,34,Bulk Order,Houston,Ground
17.08652687072754,13,Shipper,-272,19,Bulk Order,Seattle,Standard
9.305123329162598,10,Shipper,-87,40,Bulk Order,Salt Lake City,Air
8.76103687286377,9,MicroCarrier,11,-102,Bulk Order,Salt Lake City,Express
17.232486724853516,15,Shipper,-117,86,Single Order,San Francisco,Standard
14.851249694824219,14,BigBird,-20,105,Single Order,Atlanta,Standard
9.595101356506348,10,GlobalFreight,-48,-76,Bulk Order,New York City,Air
14.250862121582031,13,BigBird,-33,-217,Single Order,Houston,Air
15.958783149719238,13,Shipper,-184,-52,Bulk Order,Chicago,Standard
15.133890151977539,13,BigBird,77,134,Bulk Order,Houston,Standard
20.415855407714844,15,BigBird,15,-179,Single Order,New York City,Ground
15.545173645019531,14,MicroCarrier,18,216,Single Order,Atlanta,Standard
14.987005233764648,13,BigBird,-61,-165,Single Order,Chicago,Standard
14.784802436828613,15,MicroCarrier,-18,97,Single Order,San Francisco,Air
16.707416534423828,15,Shipper,-175,46,Bulk Order,Chicago,Ground
19.054933547973633,16,Shipper,-35,241,Single Order,Seattle,Ground
13.748745918273926,12,Shipper,23,-205,Bulk Order,Seattle,Air
10.621193885803223,11,MicroCarrier,-131,-90,Bulk Order,Houston,Express
14.52195930480957,14,MicroCarrier,81,41,Single Order,San Francisco,Air
17.418745040893555,14,GlobalFreight,361,-12,Bulk Order,Seattle,Ground
6.872644424438477,7,GlobalFreight,128,30,Bulk Order,Salt Lake City,Express
15.077890396118164,14,GlobalFreight,55,-105,Bulk Order,New York City,Standard
15.075993537902832,14,GlobalFreight,171,-73,Single Order,New York City,Standard
15.097851753234863,15,BigBird,32,-142,Single Order,Atlanta,Express
11.724782943725586,12,BigBird,-93,66,Single Order,Salt Lake City,Express
18.26531982421875,17,BigBird,-27,-317,Single Order,Salt Lake City,Ground
17.673755645751953,18,Shipper,-256,-10,Single Order,San Francisco,Air
14.721946716308594,14,BigBird,-112,-72,Single Order,Salt Lake City,Standard
15.500632286071777,13,GlobalFreight,-138,-63,Bulk Order,Chicago,Ground
12.98272705078125,12,Shipper,110,-69,Bulk Order,New York City,Ground
15.206258773803711,15,MicroCarrier,-10,-153,Single Order,San Francisco,Air
12.970134735107422,12,MicroCarrier,36,-252,Bulk Order,San Francisco,Standard
16.240976333618164,16,GlobalFreight,-81,-127,Single Order,San Francisco,Air
17.607574462890625,15,Shipper,-25,309,Single Order,Las Vegas,Ground
16.469844818115234,17,Shipper,-86,17,Single Order,Chicago,Express
14.996756553649902,14,GlobalFreight,13,-273,Bulk Order,Atlanta,Standard
14.74673843383789,13,GlobalFreight,345,-18,Bulk Order,San Francisco,Ground
17.204431533813477,16,Shipper,-215,78,Bulk Order,San Francisco,Ground
12.124106407165527,12,GlobalFreight,-176,-13,Bulk Order,Las Vegas,Air
14.180276870727539,14,BigBird,69,-49,Single Order,Salt Lake City,Air
14.688492774963379,13,GlobalFreight,30,114,Bulk Order,New York City,Air
14.484400749206543,13,GlobalFreight,-17,272,Bulk Order,New York City,Standard
15.828841209411621,14,Shipper,-191,42,Bulk Order,Houston,Ground
16.539823532104492,16,BigBird,-197,59,Single Order,Las Vegas,Standard
10.934958457946777,11,MicroCarrier,-29,178,Bulk Order,Atlanta,Express
10.721125602722168,11,Shipper,-35,82,Bulk Order,Salt Lake City,Air
16.9381046295166,16,BigBird,-144,-74,Single Order,Seattle,Standard
15.179689407348633,15,BigBird,-49,136,Single Order,San Francisco,Express
16.360998153686523,14,Shipper,34,-201,Bulk Order,San Francisco,Standard
9.622106552124023,10,MicroCarrier,58,-85,Bulk Order,Atlanta,Express
15.328130722045898,15,BigBird,131,26,Single Order,Las Vegas,Air
13.650047302246094,14,Shipper,49,53,Single Order,Houston,Express
17.22061538696289,16,BigBird,20,318,Single Order,San Francisco,Ground
13.370244979858398,13,GlobalFreight,-97,-47,Bulk Order,Houston,Air
11.951964378356934,12,GlobalFreight,-57,123,Bulk Order,Las Vegas,Air
14.68887710571289,14,BigBird,140,-15,Single Order,Atlanta,Air
17.086280822753906,14,MicroCarrier,99,-126,Bulk Order,Las Vegas,Ground
16.5451717376709,11,Shipper,-236,17,Bulk Order,Seattle,Air
14.646467208862305,14,BigBird,141,-32,Single Order,Atlanta,Air
16.943998336791992,17,Shipper,-88,-84,Single Order,Seattle,Express
17.438003540039062,15,GlobalFreight,-223,9,Single Order,New York City,Standard
18.760459899902344,15,BigBird,8,-279,Bulk Order,Seattle,Ground
16.98899269104004,15,MicroCarrier,9,-246,Single Order,New York City,Standard
16.598285675048828,16,BigBird,-86,-25,Single Order,Houston,Standard
16.378076553344727,14,Shipper,77,-139,Bulk Order,San Francisco,Standard
15.466058731079102,14,BigBird,202,10,Single Order,Atlanta,Express
11.760214805603027,12,MicroCarrier,51,124,Single Order,Las Vegas,Express
14.926441192626953,15,Shipper,-175,-17,Single Order,Houston,Express
14.722344398498535,13,GlobalFreight,-55,179,Bulk Order,Atlanta,Ground
15.315690040588379,13,Shipper,9,-274,Bulk Order,Las Vegas,Air
15.427799224853516,14,BigBird,-197,-42,Single Order,Chicago,Standard
10.6447114944458,11,Shipper,-64,-85,Bulk Order,New York City,Air
15.971923828125,14,BigBird,52,123,Single Order,Houston,Standard
15.475351333618164,15,Shipper,227,10,Single Order,Seattle,Express
13.527819633483887,14,Shipper,10,-109,Single Order,Chicago,Express
17.97854995727539,17,BigBird,192,-35,Single Order,Las Vegas,Standard
14.309572219848633,14,BigBird,26,-123,Single Order,New York City,Standard
15.314482688903809,15,BigBird,70,-52,Single Order,Atlanta,Air
10.801177024841309,11,GlobalFreight,101,-16,Bulk Order,New York City,Standard
16.397125244140625,15,BigBird,-45,-109,Single Order,Houston,Ground
16.118431091308594,15,BigBird,-111,60,Single Order,Houston,Standard
16.260339736938477,15,MicroCarrier,206,-44,Single Order,Las Vegas,Air
13.726285934448242,13,BigBird,153,-47,Single Order,Houston,Air
11.935966491699219,12,BigBird,-27,-72,Single Order,Salt Lake City,Air
14.627861976623535,14,Shipper,45,69,Single Order,Chicago,Air
10.482972145080566,11,BigBird,156,35,Single Order,Salt Lake City,Express
15.737824440002441,13,GlobalFreight,124,75,Bulk Order,Chicago,Ground
8.768742561340332,9,Shipper,15,-123,Bulk Order,Salt Lake City,Express
13.604748725891113,12,Shipper,-54,165,Bulk Order,San Francisco,Air
17.919124603271484,13,Shipper,94,150,Bulk Order,Las Vegas,Standard
13.80452823638916,14,Shipper,-38,119,Single Order,Las Vegas,Express
16.48260498046875,14,Shipper,-197,-21,Single Order,Las Vegas,Standard
16.687297821044922,17,MicroCarrier,155,58,Single Order,San Francisco,Air
16.41094970703125,14,Shipper,158,-94,Single Order,Atlanta,Ground
8.243973731994629,8,Shipper,-137,7,Bulk Order,Salt Lake City,Express
17.13543128967285,15,MicroCarrier,-135,-64,Bulk Order,Seattle,Ground
3.4930169582366943,3,GlobalFreight,-9,151,Bulk Order,Salt Lake City,Air
14.161660194396973,13,MicroCarrier,-18,-171,Bulk Order,Chicago,Air
14.004612922668457,14,BigBird,-135,-11,Single Order,New York City,Air
14.889966011047363,14,MicroCarrier,-267,14,Single Order,San Francisco,Air
11.940373420715332,12,GlobalFreight,-40,-84,Bulk Order,Las Vegas,Standard
17.73822021484375,17,BigBird,-247,22,Single Order,Atlanta,Ground
19.672727584838867,15,BigBird,-207,-55,Single Order,Atlanta,Ground
12.077620506286621,12,MicroCarrier,92,-8,Bulk Order,Atlanta,Air
15.135366439819336,14,MicroCarrier,-307,18,Single Order,New York City,Air
13.757671356201172,13,MicroCarrier,107,84,Single Order,Salt Lake City,Air
13.3756103515625,13,GlobalFreight,-15,133,Bulk Order,Houston,Air
16.88623046875,15,MicroCarrier,38,-136,Bulk Order,Chicago,Ground
14.077392578125,14,GlobalFreight,-16,114,Single Order,San Francisco,Air
16.733104705810547,15,Shipper,-74,-106,Single Order,Chicago,Ground
10.056583404541016,10,GlobalFreight,-11,153,Bulk Order,New York City,Air
18.665836334228516,16,BigBird,206,26,Single Order,Las Vegas,Ground
12.194869041442871,12,Shipper,201,-107,Single Order,Chicago,Express
10.63623332977295,11,Shipper,-131,-21,Bulk Order,Atlanta,Express
15.297441482543945,13,GlobalFreight,10,299,Bulk Order,Seattle,Ground
14.400623321533203,14,MicroCarrier,94,-36,Single Order,San Francisco,Air
12.20312786102295,12,GlobalFreight,97,-81,Bulk Order,Houston,Air
17.532323837280273,15,GlobalFreight,52,224,Single Order,Atlanta,Standard
15.041010856628418,13,MicroCarrier,-8,324,Bulk Order,Atlanta,Standard
10.540750503540039,11,Shipper,151,24,Bulk Order,Salt Lake City,Express
11.815342903137207,12,MicroCarrier,-156,-10,Single Order,Atlanta,Express
17.523351669311523,16,MicroCarrier,172,-21,Single Order,San Francisco,Ground
13.178590774536133,13,MicroCarrier,112,41,Single Order,Houston,Express
14.347538948059082,14,Shipper,-86,-17,Single Order,Seattle,Air
17.585750579833984,15,MicroCarrier,318,-9,Single Order,Atlanta,Standard
13.68408203125,14,GlobalFreight,-62,95,Single Order,Las Vegas,Express
16.25755500793457,13,BigBird,-29,-162,Single Order,San Francisco,Air
13.80821704864502,14,MicroCarrier,26,104,Single Order,San Francisco,Express
12.765283584594727,13,MicroCarrier,-46,170,Single Order,Las Vegas,Express
15.558905601501465,14,Shipper,-108,-173,Bulk Order,Chicago,Standard
12.076915740966797,12,GlobalFreight,119,30,Bulk Order,Atlanta,Standard
14.358781814575195,13,BigBird,47,146,Bulk Order,Salt Lake City,Ground
16.08415412902832,14,BigBird,114,-98,Single Order,Las Vegas,Air
16.252727508544922,14,GlobalFreight,18,215,Bulk Order,Houston,Ground
15.421286582946777,14,BigBird,-76,53,Bulk Order,Las Vegas,Ground
15.652247428894043,13,GlobalFreight,26,182,Bulk Order,Seattle,Ground
16.29088020324707,15,GlobalFreight,-187,13,Single Order,Houston,Standard
14.710439682006836,13,GlobalFreight,-11,-387,Bulk Order,Houston,Ground
13.8355712890625,13,GlobalFreight,96,-24,Bulk Order,Atlanta,Air
14.008543014526367,14,MicroCarrier,-128,13,Single Order,San Francisco,Air
17.008237838745117,15,Shipper,13,-228,Single Order,Las Vegas,Ground
16.639598846435547,14,Shipper,241,8,Single Order,Houston,Standard
17.02848243713379,15,BigBird,-124,-142,Single Order,New York City,Ground
16.87957763671875,13,GlobalFreight,326,7,Bulk Order,Houston,Ground
14.58915901184082,15,MicroCarrier,-31,-116,Single Order,Chicago,Express
9.60212516784668,10,BigBird,-44,83,Bulk Order,Salt Lake City,Express
11.940925598144531,12,GlobalFreight,-68,119,Bulk Order,Chicago,Express
15.79440689086914,16,MicroCarrier,54,-58,Single Order,San Francisco,Air
14.450810432434082,13,GlobalFreight,64,205,Single Order,Atlanta,Air
7.8828606605529785,8,MicroCarrier,123,-45,Bulk Order,Salt Lake City,Express
16.136341094970703,16,MicroCarrier,-175,-100,Single Order,San Francisco,Air
10.507280349731445,10,GlobalFreight,-18,-229,Bulk Order,New York City,Air
17.271026611328125,18,BigBird,243,-28,Single Order,San Francisco,Express
18.563722610473633,16,BigBird,128,-125,Single Order,Seattle,Standard
13.349274635314941,14,BigBird,18,66,Single Order,New York City,Express
14.293828010559082,14,BigBird,39,83,Single Order,Atlanta,Express
13.976189613342285,13,MicroCarrier,171,-41,Bulk Order,Chicago,Standard
14.617513656616211,14,MicroCarrier,-65,67,Bulk Order,Seattle,Standard
14.98757553100586,14,MicroCarrier,-215,-45,Single Order,Atlanta,Air
8.621200561523438,9,GlobalFreight,-94,14,Bulk Order,Salt Lake City,Air
19.838611602783203,16,Shipper,-7,-224,Bulk Order,San Francisco,Ground
11.87077522277832,11,BigBird,105,-162,Bulk Order,Salt Lake City,Air
11.816649436950684,12,GlobalFreight,27,92,Bulk Order,Las Vegas,Express
18.439687728881836,14,BigBird,45,164,Bulk Order,New York City,Ground
15.137882232666016,14,MicroCarrier,-152,-38,Bulk Order,Las Vegas,Ground
13.466670989990234,12,MicroCarrier,99,150,Bulk Order,Houston,Standard
15.256793022155762,15,Shipper,32,-159,Single Order,Houston,Express
17.309537887573242,16,BigBird,-28,241,Single Order,Atlanta,Ground
14.797703742980957,13,GlobalFreight,21,282,Bulk Order,Houston,Ground
10.482972145080566,11,BigBird,133,-16,Bulk Order,Salt Lake City,Express
12.875653266906738,13,MicroCarrier,71,138,Single Order,Las Vegas,Express
14.865418434143066,13,BigBird,270,-22,Bulk Order,Chicago,Standard
14.421477317810059,13,GlobalFreight,-91,89,Bulk Order,Las Vegas,Ground
10.59729290008545,11,GlobalFreight,129,-23,Bulk Order,Atlanta,Air
15.013040542602539,14,BigBird,12,165,Single Order,Atlanta,Standard
14.973031997680664,14,BigBird,-202,60,Single Order,San Francisco,Air
16.625776290893555,15,BigBird,-16,241,Single Order,Atlanta,Standard
17.109210968017578,15,GlobalFreight,75,137,Single Order,Las Vegas,Standard
13.930678367614746,14,MicroCarrier,-9,-128,Single Order,Seattle,Air
16.270496368408203,15,GlobalFreight,138,-68,Single Order,Houston,Standard
16.63483238220215,16,MicroCarrier,-8,-73,Single Order,Seattle,Air
13.917400360107422,13,MicroCarrier,10,194,Bulk Order,Chicago,Standard
17.95391082763672,18,MicroCarrier,150,17,Single Order,San Francisco,Standard
12.9203462600708,13,GlobalFreight,165,-59,Single Order,Las Vegas,Express
13.367076873779297,13,BigBird,-50,-27,Single Order,Salt Lake City,Air
15.37198543548584,15,MicroCarrier,159,54,Single Order,San Francisco,Air
16.981142044067383,17,BigBird,74,79,Single Order,Las Vegas,Express
13.584224700927734,13,BigBird,101,26,Single Order,Las Vegas,Air
10.65660285949707,11,Shipper,155,-26,Bulk Order,Atlanta,Express
15.403651237487793,13,GlobalFreight,55,-173,Bulk Order,Chicago,Ground
14.082693099975586,14,GlobalFreight,176,7,Single Order,Chicago,Air
11.912535667419434,12,GlobalFreight,-36,-81,Bulk Order,Las Vegas,Air
16.548965454101562,16,GlobalFreight,-197,20,Single Order,Seattle,Standard
11.999998092651367,12,MicroCarrier,-86,50,Bulk Order,Las Vegas,Standard
14.680837631225586,13,GlobalFreight,-31,-272,Single Order,Salt Lake City,Air
15.881158828735352,14,Shipper,238,-14,Bulk Order,Chicago,Ground
14.375348091125488,13,GlobalFreight,-164,28,Bulk Order,Houston,Ground
11.889897346496582,12,Shipper,33,104,Single Order,Salt Lake City,Express
15.14731502532959,13,GlobalFreight,-198,-60,Bulk Order,Chicago,Ground
10.55598258972168,11,BigBird,-161,-28,Bulk Order,New York City,Air
8.531999588012695,9,Shipper,-114,-25,Bulk Order,Salt Lake City,Express
16.510896682739258,13,Shipper,236,35,Bulk Order,San Francisco,Air
15.251890182495117,15,BigBird,81,52,Single Order,Atlanta,Air
14.715828895568848,14,MicroCarrier,-26,-162,Single Order,San Francisco,Air
14.049943923950195,14,BigBird,-130,33,Single Order,New York City,Air
15.940650939941406,14,Shipper,165,-12,Bulk Order,Seattle,Standard
16.19606590270996,14,BigBird,78,-89,Bulk Order,Las Vegas,Standard
13.837194442749023,13,BigBird,-139,-8,Single Order,New York City,Air
14.893437385559082,15,MicroCarrier,49,-127,Single Order,Las Vegas,Express
16.065595626831055,14,BigBird,-235,17,Single Order,New York City,Ground
13.826512336730957,12,Shipper,125,-86,Bulk Order,San Francisco,Air
14.827469825744629,13,GlobalFreight,-167,-76,Bulk Order,Chicago,Ground
11.760538101196289,12,BigBird,-14,-83,Single Order,Salt Lake City,Air
15.979790687561035,16,BigBird,62,56,Single Order,Las Vegas,Air
18.92293930053711,18,BigBird,-59,-50,Single Order,Seattle,Ground
7.895263195037842,8,Shipper,-83,-57,Bulk Order,Salt Lake City,Air
18.61239242553711,14,GlobalFreight,23,235,Bulk Order,Atlanta,Ground
14.327342987060547,14,MicroCarrier,-32,116,Single Order,Seattle,Air
7.257721424102783,8,Shipper,13,96,Bulk Order,Salt Lake City,Express
15.902815818786621,14,BigBird,35,-73,Bulk Order,Salt Lake City,Ground
10.803412437438965,11,MicroCarrier,-23,93,Bulk Order,Atlanta,Express
6.3202033042907715,6,Shipper,61,75,Bulk Order,Salt Lake City,Express
13.920273780822754,13,MicroCarrier,-17,107,Bulk Order,Houston,Standard
16.25688934326172,17,BigBird,65,79,Single Order,Chicago,Air
18.691978454589844,18,BigBird,-78,-68,Single Order,New York City,Ground
10.541525840759277,11,MicroCarrier,-83,-37,Bulk Order,Atlanta,Air
16.51380729675293,16,Shipper,96,-89,Single Order,San Francisco,Express
19.77776336669922,16,Shipper,68,-79,Single Order,San Francisco,Standard
15.763205528259277,15,MicroCarrier,23,179,Single Order,Seattle,Standard
13.50930118560791,14,Shipper,-8,136,Single Order,Chicago,Express
16.670869827270508,12,GlobalFreight,-173,11,Bulk Order,Seattle,Ground
4.995596408843994,5,GlobalFreight,-107,-21,Bulk Order,Salt Lake City,Express
11.999604225158691,12,MicroCarrier,35,-101,Bulk Order,Houston,Air
14.896376609802246,15,Shipper,8,145,Single Order,San Francisco,Express
16.477489471435547,15,Shipper,-11,234,Single Order,Seattle,Standard
9.489076614379883,10,Shipper,-77,-68,Bulk Order,Salt Lake City,Air
15.444002151489258,14,MicroCarrier,-191,-21,Bulk Order,Las Vegas,Standard
15.150403022766113,14,BigBird,-12,156,Bulk Order,New York City,Ground
14.704784393310547,13,Shipper,-228,57,Bulk Order,Atlanta,Air
15.136993408203125,13,Shipper,-137,91,Single Order,San Francisco,Express
13.981216430664062,13,MicroCarrier,-80,142,Bulk Order,Chicago,Standard
14.867805480957031,14,MicroCarrier,-128,86,Bulk Order,Las Vegas,Standard
9.607950210571289,10,Shipper,18,85,Bulk Order,Salt Lake City,Express
13.662426948547363,13,GlobalFreight,29,-130,Bulk Order,Las Vegas,Air
17.681236267089844,16,BigBird,249,8,Single Order,Atlanta,Ground
16.628389358520508,14,BigBird,77,107,Bulk Order,Las Vegas,Ground
14.069318771362305,14,MicroCarrier,-156,-48,Single Order,Houston,Air
14.35378646850586,14,BigBird,16,-132,Single Order,Salt Lake City,Standard
9.6436767578125,10,Shipper,7,139,Bulk Order,Salt Lake City,Express
20.81842041015625,16,Shipper,68,177,Single Order,Seattle,Standard
12.878686904907227,13,MicroCarrier,-129,-28,Single Order,Seattle,Express
16.611125946044922,15,GlobalFreight,-152,55,Bulk Order,Seattle,Ground
13.706636428833008,14,Shipper,-134,13,Single Order,San Francisco,Express
17.4301815032959,15,Shipper,217,-34,Single Order,Seattle,Standard
16.291919708251953,14,GlobalFreight,269,29,Bulk Order,Atlanta,Ground
16.20779800415039,14,Shipper,166,68,Single Order,Las Vegas,Standard
15.785070419311523,14,MicroCarrier,-155,146,Bulk Order,Seattle,Ground
9.68393325805664,10,GlobalFreight,24,-131,Bulk Order,New York City,Air
14.19481372833252,13,GlobalFreight,-11,183,Bulk Order,Atlanta,Standard
17.067737579345703,15,BigBird,292,40,Single Order,Atlanta,Ground
6.504191875457764,7,Shipper,23,-188,Bulk Order,Salt Lake City,Express
14.742873191833496,15,Shipper,-47,-97,Single Order,Chicago,Express
10.485010147094727,11,GlobalFreight,-129,-49,Bulk Order,Atlanta,Air
14.562005996704102,13,GlobalFreight,-69,-196,Bulk Order,Atlanta,Ground
15.062932968139648,14,MicroCarrier,-72,-206,Single Order,Atlanta,Standard
17.589557647705078,16,BigBird,201,39,Single Order,New York City,Ground
16.900550842285156,15,MicroCarrier,-242,-72,Single Order,Las Vegas,Ground
14.491759300231934,13,BigBird,20,-180,Bulk Order,Salt Lake City,Ground
14.941426277160645,15,Shipper,30,73,Single Order,Houston,Express
6.30070161819458,7,GlobalFreight,30,138,Bulk Order,Salt Lake City,Air
16.497360229492188,15,BigBird,-91,-90,Single Order,Chicago,Standard
14.92827033996582,14,MicroCarrier,70,82,Single Order,Houston,Air
15.460247993469238,13,GlobalFreight,77,-145,Bulk Order,Chicago,Ground
17.6352596282959,15,Shipper,-113,-89,Bulk Order,Chicago,Ground
12.204269409179688,12,GlobalFreight,110,63,Bulk Order,Houston,Air
14.129500389099121,13,GlobalFreight,27,220,Single Order,New York City,Air
14.461620330810547,14,MicroCarrier,-102,-23,Single Order,Chicago,Standard
18.481733322143555,15,GlobalFreight,337,-19,Single Order,Las Vegas,Standard
14.795945167541504,13,GlobalFreight,-203,-23,Bulk Order,Chicago,Ground
15.855155944824219,16,MicroCarrier,-113,-34,Single Order,Chicago,Express
14.600034713745117,13,GlobalFreight,-107,-85,Bulk Order,Houston,Ground
17.288122177124023,15,Shipper,-191,-99,Single Order,Seattle,Standard
17.761070251464844,16,MicroCarrier,-209,-47,Single Order,Seattle,Ground
7.875319957733154,8,Shipper,-129,-14,Bulk Order,Salt Lake City,Express
17.524599075317383,15,MicroCarrier,8,299,Single Order,Las Vegas,Ground
14.038811683654785,13,GlobalFreight,-338,-29,Single Order,New York City,Express
12.006709098815918,12,Shipper,84,12,Bulk Order,Las Vegas,Express
15.113099098205566,13,Shipper,-8,-284,Bulk Order,Houston,Ground
16.221267700195312,16,Shipper,-11,139,Single Order,San Francisco,Express
9.759136199951172,10,Shipper,16,-142,Bulk Order,New York City,Express
13.420893669128418,13,MicroCarrier,103,-22,Single Order,Chicago,Air
10.571688652038574,11,Shipper,43,-61,Bulk Order,Salt Lake City,Express
15.871057510375977,16,MicroCarrier,97,57,Single Order,San Francisco,Air
12.955893516540527,13,MicroCarrier,223,-11,Single Order,Las Vegas,Express
11.745089530944824,12,GlobalFreight,-132,-18,Bulk Order,Las Vegas,Air
10.614330291748047,11,GlobalFreight,-166,-40,Bulk Order,Atlanta,Air
16.22318458557129,13,Shipper,-115,108,Bulk Order,Seattle,Standard
15.825023651123047,13,BigBird,99,-193,Single Order,Atlanta,Express
10.62763500213623,11,BigBird,-15,-135,Single Order,Atlanta,Express
15.4627046585083,15,MicroCarrier,-20,149,Single Order,San Francisco,Standard
15.014100074768066,13,Shipper,9,135,Bulk Order,Las Vegas,Standard
13.640280723571777,13,GlobalFreight,-16,138,Bulk Order,Seattle,Air
15.270519256591797,14,GlobalFreight,-241,-103,Single Order,Atlanta,Air
14.074006080627441,13,BigBird,-274,8,Single Order,Chicago,Express
18.682662963867188,13,MicroCarrier,55,-177,Bulk Order,Seattle,Ground
18.23819351196289,19,BigBird,-115,-10,Single Order,San Francisco,Standard
15.301365852355957,14,GlobalFreight,12,-422,Bulk Order,New York City,Ground
17.71450424194336,16,BigBird,-70,-192,Single Order,New York City,Ground
13.707854270935059,14,BigBird,-100,-8,Single Order,Las Vegas,Express
10.506287574768066,11,BigBird,26,-69,Bulk Order,Salt Lake City,Air
16.23433494567871,16,BigBird,-81,61,Single Order,Atlanta,Standard
14.04218578338623,13,GlobalFreight,28,131,Bulk Order,Houston,Standard
8.845353126525879,9,Shipper,-7,-136,Bulk Order,New York City,Express
13.3648099899292,14,MicroCarrier,-65,48,Single Order,Chicago,Express
16.525056838989258,14,Shipper,91,71,Bulk Order,Atlanta,Ground
14.229571342468262,13,GlobalFreight,-60,-126,Bulk Order,Houston,Ground
15.770522117614746,15,MicroCarrier,-74,-76,Single Order,Las Vegas,Standard
11.996076583862305,12,BigBird,25,113,Bulk Order,New York City,Air
13.80935287475586,14,Shipper,-167,10,Single Order,Las Vegas,Express
9.738080978393555,10,Shipper,-110,-77,Bulk Order,New York City,Air
15.325411796569824,13,MicroCarrier,11,359,Bulk Order,Atlanta,Standard
21.395658493041992,16,Shipper,221,-10,Single Order,San Francisco,Ground
14.647520065307617,15,MicroCarrier,-115,41,Single Order,Chicago,Express
10.667343139648438,11,MicroCarrier,-52,74,Bulk Order,Atlanta,Air
12.94188404083252,13,Shipper,-114,-29,Single Order,Las Vegas,Express
9.69796371459961,10,GlobalFreight,43,106,Bulk Order,New York City,Standard
14.3623628616333,13,MicroCarrier,265,-9,Bulk Order,Chicago,Ground
14.030115127563477,13,BigBird,215,7,Single Order,Seattle,Express
6.84447717666626,7,MicroCarrier,-118,-24,Bulk Order,Salt Lake City,Express
14.721890449523926,13,BigBird,-13,-244,Bulk Order,San Francisco,Air
16.041927337646484,14,MicroCarrier,43,-174,Bulk Order,San Francisco,Ground
13.28506088256836,12,MicroCarrier,29,-247,Bulk Order,Seattle,Standard
16.85725212097168,15,MicroCarrier,-189,11,Single Order,Chicago,Ground
13.778220176696777,14,MicroCarrier,12,173,Single Order,Houston,Express
13.331376075744629,14,GlobalFreight,14,-171,Single Order,New York City,Express
18.818498611450195,15,MicroCarrier,303,9,Single Order,Houston,Ground
10.824002265930176,11,MicroCarrier,-23,165,Bulk Order,Atlanta,Express
17.284116744995117,15,Shipper,10,-213,Single Order,Chicago,Ground
15.213200569152832,14,Shipper,-201,46,Single Order,New York City,Air
7.867613315582275,8,MicroCarrier,-87,30,Bulk Order,Salt Lake City,Express
16.46645736694336,13,GlobalFreight,316,20,Bulk Order,Chicago,Ground
12.997551918029785,12,Shipper,-37,-160,Bulk Order,Las Vegas,Ground
12.106374740600586,12,MicroCarrier,11,149,Single Order,Las Vegas,Express
17.313831329345703,15,MicroCarrier,108,95,Bulk Order,Houston,Ground
7.838430881500244,8,GlobalFreight,145,-45,Bulk Order,Salt Lake City,Air
13.831153869628906,12,GlobalFreight,173,16,Bulk Order,Seattle,Ground
14.81197452545166,15,Shipper,109,59,Single Order,Chicago,Express
17.16472625732422,15,BigBird,55,185,Single Order,Las Vegas,Standard
16.391193389892578,15,BigBird,19,287,Single Order,Salt Lake City,Air
24.11896324157715,17,BigBird,25,-280,Single Order,New York City,Ground
10.711654663085938,11,BigBird,79,71,Single Order,New York City,Express
18.82098388671875,16,MicroCarrier,259,9,Single Order,Seattle,Ground
15.994842529296875,15,GlobalFreight,15,156,Single Order,Seattle,Standard
17.487966537475586,15,BigBird,-20,-199,Single Order,New York City,Ground
15.192391395568848,13,BigBird,-180,10,Single Order,San Francisco,Air
15.343657493591309,13,GlobalFreight,-187,8,Bulk Order,Seattle,Ground
11.802151679992676,12,GlobalFreight,-46,-51,Bulk Order,Las Vegas,Air
14.671333312988281,13,GlobalFreight,-266,-11,Bulk Order,Las Vegas,Ground
9.49402141571045,10,BigBird,-141,-14,Bulk Order,Salt Lake City,Express
20.181947708129883,17,BigBird,335,9,Single Order,Las Vegas,Ground
14.422611236572266,13,GlobalFreight,195,-28,Bulk Order,Seattle,Ground
14.46251106262207,14,Shipper,-122,-17,Single Order,San Francisco,Air
8.321533203125,9,GlobalFreight,14,123,Bulk Order,Salt Lake City,Air
16.86313819885254,14,BigBird,210,-29,Single Order,Atlanta,Ground
9.722434043884277,10,GlobalFreight,-40,-138,Bulk Order,New York City,Air
16.308252334594727,14,Shipper,8,235,Bulk Order,Houston,Ground
